"CCLE_ID","depMapID","Name","reportedPhenotype","predictedPhenotype","predictedChromComp"
"DMS53_LUNG","ACH-000698","DMS 53","male",NA,NA
"SW1116_LARGE_INTESTINE","ACH-000489","SW1116","male",NA,NA
"NCIH1694_LUNG","ACH-000431","NCI-H1694","male","female","XXr"
"P3HR1_HAEMATOPOIETIC_AND_LYMPHOID_TISSUE","ACH-000707","P3HR-1","male","male","XXrY"
"HUT78_HAEMATOPOIETIC_AND_LYMPHOID_TISSUE","ACH-000509","HuT 78","male","male","XXrY"
"UMUC3_URINARY_TRACT","ACH-000522","UM-UC-3","male","female","XXr"
"HOS_BONE","ACH-000613","HOS","female","female","XXr"
"HUNS1_HAEMATOPOIETIC_AND_LYMPHOID_TISSUE","ACH-000829","HuNS1","male","male","XXrY"
"AML193_HAEMATOPOIETIC_AND_LYMPHOID_TISSUE","ACH-000557","AML-193","female",NA,NA
"RVH421_SKIN","ACH-000614","RVH-421","male",NA,NA
"NCIH1184_LUNG","ACH-000523","NCI-H1184","male",NA,NA
"HCC2157_BREAST","ACH-000691","HCC2157","female","female","XXr"
"TC71_BONE","ACH-000424","TC-71","male",NA,NA
"NCIH2227_LUNG","ACH-000610","NCI-H2227","male","male","XXY"
"SNU449_LIVER","ACH-000420","SNU-449","male",NA,NA
"NCIH28_PLEURA","ACH-000648","NCI-H28","male","male","XXrY"
"OV56_OVARY","ACH-000091","OV56","female",NA,NA
"JHOS4_OVARY","ACH-000584","JHOS-4","female",NA,NA
"KYSE450_OESOPHAGUS","ACH-000865","KYSE-450","male","female","XXr"
"RMUGS_OVARY","ACH-000701","RMUG-S","female",NA,NA
"KLE_ENDOMETRIUM","ACH-000293","KLE","female",NA,NA
"HS895T_FIBROBLAST","ACH-000043","Hs 895.T","female",NA,NA
"LN229_CENTRAL_NERVOUS_SYSTEM","ACH-000595","LN-229","female",NA,NA
"P31FUJ_HAEMATOPOIETIC_AND_LYMPHOID_TISSUE","ACH-000770","P31/FUJ","male","male","XXrY"
"RKN_SOFT_TISSUE","ACH-000505","RKN","female","female","XXr"
"PATU8988S_PANCREAS","ACH-000022","PA-TU-8988S","female",NA,NA
"NH6_AUTONOMIC_GANGLIA","ACH-000203","NH-6","female",NA,NA
"RERFLCAD2_LUNG","ACH-000774","RERF-LC-Ad2","male",NA,NA
"SNGM_ENDOMETRIUM","ACH-000974","SNG-M","female","female","XXr"
"NCIH2347_LUNG","ACH-000875","NCI-H2347","female",NA,NA
"SW1990_PANCREAS","ACH-000155","SW 1990","male","female","XXr"
"HS940T_FIBROBLAST","ACH-000135","Hs 940.T","male","male","XXrY"
"HS611T_HAEMATOPOIETIC_AND_LYMPHOID_TISSUE","ACH-000069","Hs 611.T","female",NA,NA
"TOLEDO_HAEMATOPOIETIC_AND_LYMPHOID_TISSUE","ACH-000285","Toledo","female","female","XXr"
"RERFGC1B_STOMACH","ACH-000144","RERF-GC-1B","male",NA,NA
"HT1080_SOFT_TISSUE","ACH-000054","HT-1080","male",NA,NA
"NCIH2087_LUNG","ACH-000841","NCI-H2087","male",NA,NA
"COV318_OVARY","ACH-000256","COV318","female",NA,NA
"NCIH2085_LUNG","ACH-000451","NCI-H2085","male",NA,NA
"NCIH510_LUNG","ACH-000871","NCI-H510","male",NA,NA
"CAKI1_KIDNEY","ACH-000433","Caki-1","male","female","XXr"
"NCIH716_LARGE_INTESTINE","ACH-000491","NCI-H716","male","female","XXr"
"NCIH2066_LUNG","ACH-000727","NCI-H2066","female",NA,NA
"NCIH1341_LUNG","ACH-000129","NCI-H1341","female",NA,NA
"NCIH2029_LUNG","ACH-000298","NCI-H2029","female",NA,NA
"SW480_LARGE_INTESTINE","ACH-000842","SW480","male","female","XXr"
"HS746T_STOMACH","ACH-000616","Hs 746T","male","male","XXrY"
"LU65_LUNG","ACH-000438","LU65","male",NA,NA
"HS739T_FIBROBLAST","ACH-000413","Hs 739.T","female",NA,NA
"SNUC2A_LARGE_INTESTINE","ACH-000967","SNU-C2A","female","female","XXr"
"HEC151_ENDOMETRIUM","ACH-000972","HEC-151","female","female","XXr"
"MSTO211H_PLEURA","ACH-000335","MSTO-211H","male",NA,NA
"RAJI_HAEMATOPOIETIC_AND_LYMPHOID_TISSUE","ACH-000654","Raji","male","male","XXrY"
"SKMEL1_SKIN","ACH-000465","SK-MEL-1","male",NA,NA
"SUPT1_HAEMATOPOIETIC_AND_LYMPHOID_TISSUE","ACH-000953","SUP-T1","male","male","XXrY"
"JHH7_LIVER","ACH-000848","JHH-7","male",NA,NA
"HUT102_HAEMATOPOIETIC_AND_LYMPHOID_TISSUE","ACH-000612","HuT 102","male","male","XXrY"
"5637_URINARY_TRACT","ACH-000905","5637","male","male","XXrY"
"HCC38_BREAST","ACH-000276","HCC38","female",NA,NA
"DU4475_BREAST","ACH-000258","DU4475","female",NA,NA
"NCIH1573_LUNG","ACH-000916","NCI-H1573","female",NA,NA
"NCIH508_LARGE_INTESTINE","ACH-000360","NCI-H508","male","female","XXr"
"NCIH1651_LUNG","ACH-000893","NCI-H1651","male",NA,NA
"SKUT1_SOFT_TISSUE","ACH-000939","SK-UT-1","female",NA,NA
"MDAMB175VII_BREAST","ACH-000759","MDA-MB-175-VII","female",NA,NA
"SUPB15_HAEMATOPOIETIC_AND_LYMPHOID_TISSUE","ACH-000059","SUP-B15","male","male","XXrY"
"NCIH226_LUNG","ACH-000367","NCI-H226","male",NA,NA
"NCIH1666_LUNG","ACH-000448","NCI-H1666","female",NA,NA
"SW1783_CENTRAL_NERVOUS_SYSTEM","ACH-000883","SW 1783","male","male","XXrY"
"ISTMES1_PLEURA","ACH-000569","IST-MES1","female",NA,NA
"NCIH1734_LUNG","ACH-000675","NCI-H1734","female","female","XXr"
"NCIH2342_LUNG","ACH-000951","NCI-H2342","male",NA,NA
"EBC1_LUNG","ACH-000563","EBC-1","male","female","XXr"
"HS936T_SKIN","ACH-000801","Hs 936.T","male",NA,NA
"NCIH322_LUNG","ACH-000837","NCI-H322","male",NA,NA
"HS618T_FIBROBLAST","ACH-000539","Hs 618.T","female",NA,NA
"HS706T_BONE","ACH-000071","Hs 706.T","female",NA,NA
"PANC1_PANCREAS","ACH-000164","PANC-1","male","female","XXr"
"NCIH2291_LUNG","ACH-000718","NCI-H2291","male","male","XXrY"
"T47D_BREAST","ACH-000147","T-47D","female","female","XXr"
"HS742T_FIBROBLAST","ACH-000230","Hs 742.T","female",NA,NA
"BICR56_UPPER_AERODIGESTIVE_TRACT","ACH-000771","BICR 56","female",NA,NA
"BICR16_UPPER_AERODIGESTIVE_TRACT","ACH-000503","BICR 16","male","female","XXr"
"SKMEL28_SKIN","ACH-000615","SK-MEL-28","male",NA,NA
"BICR6_UPPER_AERODIGESTIVE_TRACT","ACH-000415","BICR 6","male",NA,NA
"BHY_UPPER_AERODIGESTIVE_TRACT","ACH-000548","BHY","male",NA,NA
"SH4_SKIN","ACH-000441","SH-4","female","female","XXr"
"KPL1_BREAST","ACH-000028","KPL-1","female","female","XXr"
"LS123_LARGE_INTESTINE","ACH-000501","LS123","female",NA,NA
"HEL_HAEMATOPOIETIC_AND_LYMPHOID_TISSUE","ACH-000004","HEL","male",NA,NA
"HPAC_PANCREAS","ACH-000270","HPAC","female",NA,NA
"RCC10RGB_KIDNEY","ACH-000189","RCC10RGB","male","female","XXr"
"JHOM1_OVARY","ACH-000237","JHOM-1","female",NA,NA
"SU8686_PANCREAS","ACH-000114","SU.86.86","female",NA,NA
"HCC33_LUNG","ACH-000515","HCC-33","male","female","XXr"
"JHOC5_OVARY","ACH-000324","JHOC-5","female","female","XXr"
"BL41_HAEMATOPOIETIC_AND_LYMPHOID_TISSUE","ACH-000245","BL-41","male","male","XXrY"
"SNU1214_UPPER_AERODIGESTIVE_TRACT","ACH-000715","SNU-1214","male","female","XXr"
"CORL105_LUNG","ACH-000161","COR-L105","male","male","XXrY"
"SNU1197_LARGE_INTESTINE","ACH-000412","SNU-1197","male","female","XXr"
"COLO668_LUNG","ACH-000803","COLO 668","female",NA,NA
"OSRC2_KIDNEY","ACH-000159","OS-RC-2","male","male","XXrY"
"HUH6_LIVER","ACH-000671","HuH-6","male",NA,NA
"PANC0203_PANCREAS","ACH-000042","Panc 02.03","female",NA,NA
"BICR22_UPPER_AERODIGESTIVE_TRACT","ACH-000794","BICR 22","male",NA,NA
"SNU1272_KIDNEY","ACH-000513","SNU-1272","female",NA,NA
"BICR18_UPPER_AERODIGESTIVE_TRACT","ACH-000992","BICR 18","male",NA,NA
"YD15_SALIVARY_GLAND","ACH-000836","YD-15","male",NA,NA
"UBLC1_URINARY_TRACT","ACH-000741","U-BLC1","female","female","XXr"
"ECGI10_OESOPHAGUS","ACH-000305","EC-GI-10","male",NA,NA
"CW2_LARGE_INTESTINE","ACH-000998","CW-2","female","female","XXr"
"SNU761_LIVER","ACH-000537","SNU-761","male","female","XXr"
"SNU61_LARGE_INTESTINE","ACH-000532","SNU-61","male","female","XXr"
"NCIH1915_LUNG","ACH-000434","NCI-H1915","female","female","XXr"
"SNU324_PANCREAS","ACH-000933","SNU-324","male","female","XXr"
"YD10B_UPPER_AERODIGESTIVE_TRACT","ACH-000723","YD-10B","male",NA,NA
"HCC2279_LUNG","ACH-000731","HCC-2279","female",NA,NA
"HEC1B_ENDOMETRIUM","ACH-000941","HEC-1-B","female",NA,NA
"TGBC11TKB_STOMACH","ACH-000949","TGBC11TKB","female",NA,NA
"OVK18_OVARY","ACH-000947","OVK18","female",NA,NA
"SNU1077_ENDOMETRIUM","ACH-000302","SNU-1077","female","female","XXr"
"HCC1588_LUNG","ACH-001078","HCC-1588","female","male","XXrY"
"SNU213_PANCREAS","ACH-000266","SNU-213","male","male","XXrY"
"SNU520_STOMACH","ACH-000908","SNU-520","female",NA,NA
"NCIH838_LUNG","ACH-000416","NCI-H838","male","female","XXr"
"SNU119_OVARY","ACH-000635","SNU-119","female","female","XXr"
"SNU1033_LARGE_INTESTINE","ACH-000286","SNU-1033","female",NA,NA
"SNUC5_LARGE_INTESTINE","ACH-000970","SNU-C5","female",NA,NA
"TALL1_HAEMATOPOIETIC_AND_LYMPHOID_TISSUE","ACH-000197","TALL-1","male","male","XXrY"
"HCC1171_LUNG","ACH-000578","HCC-1171","male","female","XXr"
"SNUC4_LARGE_INTESTINE","ACH-000959","SNU-C4","male","male","XXrY"
"SNU620_STOMACH","ACH-000325","SNU-620","female",NA,NA
"ECC12_STOMACH","ACH-000225","ECC12","male",NA,NA
"JHOM2B_OVARY","ACH-000333","JHOM-2B","female",NA,NA
"MDAMB231_BREAST","ACH-000768","MDA-MB-231","female","female","XXr"
"OV90_OVARY","ACH-000291","OV-90","female",NA,NA
"RS411_HAEMATOPOIETIC_AND_LYMPHOID_TISSUE","ACH-000874","RS4;11","female",NA,NA
"OVTOKO_OVARY","ACH-000663","OVTOKO","female","female","XXr"
"OVCAR4_OVARY","ACH-000617","OVCAR-4","female",NA,NA
"HLF_LIVER","ACH-000393","HLF","male",NA,NA
"HCT15_LARGE_INTESTINE","ACH-000997","HCT-15","male","male","XXrY"
"SW1463_LARGE_INTESTINE","ACH-000470","SW1463","female",NA,NA
"SF295_CENTRAL_NERVOUS_SYSTEM","ACH-000376","SF-295","female",NA,NA
"WM115_SKIN","ACH-000304","WM-115","female",NA,NA
"JHH4_LIVER","ACH-000476","JHH-4","male",NA,NA
"OE33_OESOPHAGUS","ACH-000383","OE33","female","female","XXr"
"JHH1_LIVER","ACH-000620","JHH-1","male",NA,NA
"SJSA1_BONE","ACH-000748","SJSA-1","male","male","XXrY"
"NCIH2228_LUNG","ACH-000447","NCI-H2228","female","female","XXr"
"SKMES1_LUNG","ACH-000665","SK-MES-1","male","male","XXrY"
"NCIH520_LUNG","ACH-000395","NCI-H520","male","female","XXr"
"JHH5_LIVER","ACH-000734","JHH-5","male",NA,NA
"FU97_STOMACH","ACH-000633","FU97","female",NA,NA
"COLO800_SKIN","ACH-000401","COLO-800","male",NA,NA
"NCIH1963_LUNG","ACH-000729","NCI-H1963","male",NA,NA
"RL952_ENDOMETRIUM","ACH-000965","RL95-2","female","female","XXr"
"J82_URINARY_TRACT","ACH-000396","J82","male","male","XXrY"
"HCC15_LUNG","ACH-000878","HCC-15","male","male","XXrY"
"M059K_CENTRAL_NERVOUS_SYSTEM","ACH-000152","M059K","male",NA,NA
"CALU6_LUNG","ACH-000264","Calu-6","female","female","XXr"
"SKLU1_LUNG","ACH-000309","SK-LU-1","female",NA,NA
"SW900_LUNG","ACH-000669","SW 900","male",NA,NA
"MFE280_ENDOMETRIUM","ACH-000192","MFE-280","female",NA,NA
"MFE319_ENDOMETRIUM","ACH-000988","MFE-319","female",NA,NA
"MFE296_ENDOMETRIUM","ACH-000879","MFE-296","female","female","XXr"
"GOS3_CENTRAL_NERVOUS_SYSTEM","ACH-000027","GOS-3","male","male","XXrY"
"GI1_CENTRAL_NERVOUS_SYSTEM","ACH-000756","GI-1","male","male","XXrY"
"KYSE410_OESOPHAGUS","ACH-000809","KYSE-410","male",NA,NA
"A204_SOFT_TISSUE","ACH-000201","A-204","female",NA,NA
"PATU8902_PANCREAS","ACH-000599","PA-TU-8902","female","female","XXr"
"NCIH810_LUNG","ACH-000789","NCI-H810","male",NA,NA
"L1236_HAEMATOPOIETIC_AND_LYMPHOID_TISSUE","ACH-000702","L-1236","male",NA,NA
"NCIH460_LUNG","ACH-000463","NCI-H460","male","male","XXrY"
"KYSE140_OESOPHAGUS","ACH-000823","KYSE-140","male",NA,NA
"KYSE180_OESOPHAGUS","ACH-000693","KYSE-180","male","female","XXr"
"HUPT3_PANCREAS","ACH-000118","HUP-T3","male","male","XXrY"
"EFE184_ENDOMETRIUM","ACH-000435","EFE-184","female","female","XXr"
"GCIY_STOMACH","ACH-000047","GCIY","female",NA,NA
"CAOV4_OVARY","ACH-000103","Caov-4","female",NA,NA
"HCC2218_BREAST","ACH-000755","HCC2218","female",NA,NA
"KMS21BM_HAEMATOPOIETIC_AND_LYMPHOID_TISSUE","ACH-000598","KMS-21BM","male",NA,NA
"KMS26_HAEMATOPOIETIC_AND_LYMPHOID_TISSUE","ACH-000588","KMS-26","male","male","XXrY"
"KMS27_HAEMATOPOIETIC_AND_LYMPHOID_TISSUE","ACH-000576","KMS-27","male",NA,NA
"KO52_HAEMATOPOIETIC_AND_LYMPHOID_TISSUE","ACH-000498","KO52","male","male","XXrY"
"KMS28BM_HAEMATOPOIETIC_AND_LYMPHOID_TISSUE","ACH-000419","KMS-28BM","female","female","XXr"
"KNS60_CENTRAL_NERVOUS_SYSTEM","ACH-000445","KNS-60","male","female","XXr"
"KNS81_CENTRAL_NERVOUS_SYSTEM","ACH-000479","KNS-81","male","male","XXrY"
"LU99_LUNG","ACH-000444","LU99","male","female","XXr"
"KMS34_HAEMATOPOIETIC_AND_LYMPHOID_TISSUE","ACH-000541","KMS-34","female","female","XXr"
"MKN1_STOMACH","ACH-000351","MKN1","male","female","XXr"
"MKN74_STOMACH","ACH-000758","MKN74","male","female","XXr"
"KP3_PANCREAS","ACH-000108","KP-3","male","female","XXr"
"NCO2_HAEMATOPOIETIC_AND_LYMPHOID_TISSUE","ACH-000076","NCO2","female","female","XXr"
"KHM1B_HAEMATOPOIETIC_AND_LYMPHOID_TISSUE","ACH-000564","KHM-1B","male",NA,NA
"HSC2_UPPER_AERODIGESTIVE_TRACT","ACH-000472","HSC-2","male","male","XXrY"
"KG1C_CENTRAL_NERVOUS_SYSTEM","ACH-000126","KG-1-C","male","male","XXrY"
"HUH7_LIVER","ACH-000480","HuH-7","male",NA,NA
"HUCCT1_BILIARY_TRACT","ACH-000976","HuCCT1","male","male","XXrY"
"KIJK_HAEMATOPOIETIC_AND_LYMPHOID_TISSUE","ACH-000773","Ki-JK","male","male","XXrY"
"A4FUK_HAEMATOPOIETIC_AND_LYMPHOID_TISSUE","ACH-000157","A4/Fuk","female",NA,NA
"KALS1_CENTRAL_NERVOUS_SYSTEM","ACH-000231","KALS-1","female",NA,NA
"HEC108_ENDOMETRIUM","ACH-000990","HEC-108","female",NA,NA
"HEL9217_HAEMATOPOIETIC_AND_LYMPHOID_TISSUE","ACH-000005","HEL 92.1.7","male",NA,NA
"HEC265_ENDOMETRIUM","ACH-000946","HEC-265","female","female","XXr"
"CAL12T_LUNG","ACH-000826","CAL-12T","male",NA,NA
"THP1_HAEMATOPOIETIC_AND_LYMPHOID_TISSUE","ACH-000146","THP-1","male","male","XXrY"
"A3KAW_HAEMATOPOIETIC_AND_LYMPHOID_TISSUE","ACH-000697","A3/KAW","female",NA,NA
"SKNSH_AUTONOMIC_GANGLIA","ACH-000149","SK-N-SH","female",NA,NA
"HCC1954_BREAST","ACH-000859","HCC1954","female","female","XXr"
"CAMA1_BREAST","ACH-000783","CAMA-1","female","female","XXr"
"HEC6_ENDOMETRIUM","ACH-000984","HEC-6","female",NA,NA
"AM38_CENTRAL_NERVOUS_SYSTEM","ACH-000269","AM-38","male","male","XXrY"
"HEC50B_ENDOMETRIUM","ACH-000831","HEC-50B","female","female","XXr"
"HSC3_UPPER_AERODIGESTIVE_TRACT","ACH-000778","HSC-3","male","male","XXrY"
"HSC4_UPPER_AERODIGESTIVE_TRACT","ACH-000546","HSC-4","male",NA,NA
"KMS11_HAEMATOPOIETIC_AND_LYMPHOID_TISSUE","ACH-000714","KMS-11","female",NA,NA
"KP4_PANCREAS","ACH-000265","KP4","male","female","XXr"
"KE39_STOMACH","ACH-000507","KE-39","male",NA,NA
"KE97_HAEMATOPOIETIC_AND_LYMPHOID_TISSUE","ACH-000167","KE-97","male","female","XXr"
"VMRCRCW_KIDNEY","ACH-000484","VMRC-RCW","male",NA,NA
"LUDLU1_LUNG","ACH-000390","LUDLU-1","male",NA,NA
"HUG1N_STOMACH","ACH-000239","HuG1-N","male","female","XXr"
"U266B1_HAEMATOPOIETIC_AND_LYMPHOID_TISSUE","ACH-000626","U266B1","male",NA,NA
"NUGC4_STOMACH","ACH-000674","NUGC-4","female",NA,NA
"HMC18_BREAST","ACH-000721","HMC-1-8","female","female","XXr"
"CAS1_CENTRAL_NERVOUS_SYSTEM","ACH-000464","CAS-1","male",NA,NA
"KMM1_HAEMATOPOIETIC_AND_LYMPHOID_TISSUE","ACH-000889","KMM-1","male",NA,NA
"CORL23_LUNG","ACH-000662","COR-L23","male","female","XXr"
"HARA_LUNG","ACH-000843","HARA","male",NA,NA
"SKOV3_OVARY","ACH-000811","SK-OV-3","female",NA,NA
"HPAFII_PANCREAS","ACH-000094","HPAF-II","male","female","XXr"
"MC116_HAEMATOPOIETIC_AND_LYMPHOID_TISSUE","ACH-000583","MC116","male","male","XXrY"
"NCIH1568_LUNG","ACH-000869","NCI-H1568","female",NA,NA
"CA46_HAEMATOPOIETIC_AND_LYMPHOID_TISSUE","ACH-000440","CA46","male","female","XXr"
"A498_KIDNEY","ACH-000555","A-498","male",NA,NA
"BCP1_HAEMATOPOIETIC_AND_LYMPHOID_TISSUE","ACH-000923","BCP-1","male","female","XXr"
"A673_BONE","ACH-000052","A-673","female",NA,NA
"AU565_BREAST","ACH-000248","AU565","female",NA,NA
"COLO201_LARGE_INTESTINE","ACH-000253","COLO 201","male","male","XXrY"
"CAPAN1_PANCREAS","ACH-000354","Capan-1","male","female","XXr"
"NCIH1563_LUNG","ACH-000892","NCI-H1563","male","male","XXrY"
"NCIH358_LUNG","ACH-000860","NCI-H358","male","male","XXrY"
"CFPAC1_PANCREAS","ACH-000138","CFPAC-1","male","male","XXrY"
"NIHOVCAR3_OVARY","ACH-000001","NIH:OVCAR-3","female",NA,NA
"NCIH1650_LUNG","ACH-000035","NCI-H1650","male","female","XXr"
"NCIH1793_LUNG","ACH-000888","NCI-H1793","female","female","XXr"
"NCIH1437_LUNG","ACH-000589","NCI-H1437","male","female","XXr"
"KNS62_LUNG","ACH-000858","KNS-62","male",NA,NA
"HS578T_BREAST","ACH-000148","Hs 578T","female","female","XXr"
"BT20_BREAST","ACH-000536","BT-20","female",NA,NA
"SNU182_LIVER","ACH-000483","SNU-182","male","male","XXrY"
"SKNMC_BONE","ACH-000039","SK-N-MC","female",NA,NA
"HH_HAEMATOPOIETIC_AND_LYMPHOID_TISSUE","ACH-000061","HH","male","female","XXr"
"FADU_UPPER_AERODIGESTIVE_TRACT","ACH-000846","FaDu","male",NA,NA
"MDAMB361_BREAST","ACH-000934","MDA-MB-361","female",NA,NA
"MDAMB436_BREAST","ACH-000573","MDA-MB-436","female",NA,NA
"PANC0213_PANCREAS","ACH-000031","Panc 02.13","female",NA,NA
"DB_HAEMATOPOIETIC_AND_LYMPHOID_TISSUE","ACH-000334","DB","male","male","XXrY"
"RDES_BONE","ACH-000041","RD-ES","male","male","XXrY"
"CAL27_UPPER_AERODIGESTIVE_TRACT","ACH-000832","CAL 27","male",NA,NA
"MESSA_SOFT_TISSUE","ACH-000449","MES-SA","female",NA,NA
"SW1271_LUNG","ACH-000890","SW 1271","male",NA,NA
"NCIH1792_LUNG","ACH-000496","NCI-H1792","male","female","XXr"
"GCT_SOFT_TISSUE","ACH-000835","GCT","male",NA,NA
"SKBR3_BREAST","ACH-000017","SK-BR-3","female",NA,NA
"SNU16_STOMACH","ACH-000581","SNU-16","female",NA,NA
"NCIH82_LUNG","ACH-000355","NCI-H82","male","female","XXr"
"NCIN87_STOMACH","ACH-000427","NCI-N87","male","male","XXrY"
"U2OS_BONE","ACH-000364","U-2 OS","female","female","XXr"
"H4_CENTRAL_NERVOUS_SYSTEM","ACH-000389","H4","male","male","XXrY"
"GDM1_HAEMATOPOIETIC_AND_LYMPHOID_TISSUE","ACH-000081","GDM-1","female",NA,NA
"HCC1143_BREAST","ACH-000374","HCC1143","female",NA,NA
"T24_URINARY_TRACT","ACH-000018","T24","female",NA,NA
"G401_SOFT_TISSUE","ACH-000096","G-401","male","male","XXrY"
"HCC1937_BREAST","ACH-000223","HCC1937","female","female","XXr"
"HCC1569_BREAST","ACH-000930","HCC1569","female",NA,NA
"OCUM1_STOMACH","ACH-000247","OCUM-1","female",NA,NA
"SAOS2_BONE","ACH-000410","Saos-2","female",NA,NA
"D283MED_CENTRAL_NERVOUS_SYSTEM","ACH-000055","D283 Med","male","male","XXrY"
"SCC9_UPPER_AERODIGESTIVE_TRACT","ACH-000181","SCC-9","male",NA,NA
"HCC1395_BREAST","ACH-000699","HCC1395","female",NA,NA
"TEN_ENDOMETRIUM","ACH-000397","TEN","female","female","XXr"
"TE9_OESOPHAGUS","ACH-000694","TE-9","male","female","XXr"
"KNS42_CENTRAL_NERVOUS_SYSTEM","ACH-000622","KNS-42","male","female","XXr"
"KYSE520_OESOPHAGUS","ACH-000637","KYSE-520","female",NA,NA
"KYSE270_OESOPHAGUS","ACH-000873","KYSE-270","male","male","XXrY"
"JHUEM1_ENDOMETRIUM","ACH-000928","JHUEM-1","female","female","XXr"
"YH13_CENTRAL_NERVOUS_SYSTEM","ACH-000469","YH-13","male",NA,NA
"IALM_LUNG","ACH-000672","IA-LM","male",NA,NA
"NCIH2052_PLEURA","ACH-000153","NCI-H2052","male","female","XXr"
"SKNFI_AUTONOMIC_GANGLIA","ACH-000341","SK-N-FI","male",NA,NA
"SKNAS_AUTONOMIC_GANGLIA","ACH-000260","SK-N-AS","female",NA,NA
"GA10_HAEMATOPOIETIC_AND_LYMPHOID_TISSUE","ACH-000162","GA-10","male","male","XXrY"
"SNU398_LIVER","ACH-000221","SNU-398","male","male","XXrY"
"SNU423_LIVER","ACH-000493","SNU-423","male","male","XXrY"
"SCC4_UPPER_AERODIGESTIVE_TRACT","ACH-000238","SCC-4","male",NA,NA
"EB1_HAEMATOPOIETIC_AND_LYMPHOID_TISSUE","ACH-000877","EB1","female",NA,NA
"HCC1187_BREAST","ACH-000111","HCC1187","female",NA,NA
"SNU387_LIVER","ACH-000478","SNU-387","female",NA,NA
"DAUDI_HAEMATOPOIETIC_AND_LYMPHOID_TISSUE","ACH-000786","Daudi","male","male","XXrY"
"HT_HAEMATOPOIETIC_AND_LYMPHOID_TISSUE","ACH-000914","HT","male","male","XXrY"
"MJ_HAEMATOPOIETIC_AND_LYMPHOID_TISSUE","ACH-000077","MJ","male","male","XXrY"
"C2BBE1_LARGE_INTESTINE","ACH-000009","C2BBe1","male","female","XXr"
"SKES1_BONE","ACH-000087","SK-ES-1","male",NA,NA
"EPLC272H_LUNG","ACH-000585","EPLC-272H","male","female","XXr"
"BXPC3_PANCREAS","ACH-000535","BxPC-3","female","female","XXr"
"NCIH1355_LUNG","ACH-000666","NCI-H1355","male","female","XXr"
"SNU5_STOMACH","ACH-000303","SNU-5","female","female","XXr"
"SNU475_LIVER","ACH-000422","SNU-475","male","male","XXrY"
"HEC251_ENDOMETRIUM","ACH-000996","HEC-251","female","female","XXr"
"HCC95_LUNG","ACH-000454","HCC-95","male",NA,NA
"HCC1438_LUNG","ACH-000891","HCC-1438","male","male","XXrY"
"RPMI7951_SKIN","ACH-000348","RPMI-7951","female",NA,NA
"SNU1066_UPPER_AERODIGESTIVE_TRACT","ACH-000682","SNU-1066","male","male","XXrY"
"HCC2108_LUNG","ACH-000314","HCC-2108","male","female","XXr"
"COLO783_SKIN","ACH-000812","COLO-783","female",NA,NA
"HCC1359_LUNG","ACH-000901","HCC-1359","female",NA,NA
"BICR31_UPPER_AERODIGESTIVE_TRACT","ACH-000228","BICR 31","male","female","XXr"
"COV362_OVARY","ACH-000278","COV362","female",NA,NA
"COLO792_SKIN","ACH-000968","COLO 792","male",NA,NA
"COV434_OVARY","ACH-000123","COV434","female",NA,NA
"LS513_LARGE_INTESTINE","ACH-000007","LS513","male","male","XXrY"
"CHAGOK1_LUNG","ACH-000867","ChaGo-K-1","male","male","XXrY"
"DMS454_LUNG","ACH-000844","DMS 454","male",NA,NA
"CORL47_LUNG","ACH-000695","COR-L47","male",NA,NA
"FTC238_THYROID","ACH-000897","FTC-238","male","female","XXr"
"DMS273_LUNG","ACH-000749","DMS 273","female",NA,NA
"FTC133_THYROID","ACH-000903","FTC-133","male","female","XXr"
"CORL311_LUNG","ACH-000187","COR-L311","male",NA,NA
"NCIH2286_LUNG","ACH-000912","NCI-H2286","female","female","XXr"
"NCIH1339_LUNG","ACH-000921","NCI-H1339","female",NA,NA
"A704_KIDNEY","ACH-000429","A-704","male",NA,NA
"MDAMB435S_SKIN","ACH-000884","MDA-MB-435S","female","female","XXr"
"MEWO_SKIN","ACH-000987","MeWo","male",NA,NA
"NCIH2081_LUNG","ACH-000394","NCI-H2081","female",NA,NA
"HS255T_FIBROBLAST","ACH-000199","Hs 255.T","female",NA,NA
"NCIH1092_LUNG","ACH-000514","NCI-H1092","male","male","XXrY"
"SW837_LARGE_INTESTINE","ACH-000421","SW837","male",NA,NA
"JHH6_LIVER","ACH-000217","JHH-6","female","female","XXr"
"IGR1_SKIN","ACH-000882","IGR-1","male",NA,NA
"NCIH1105_LUNG","ACH-000780","NCI-H1105","male",NA,NA
"NCIH1436_LUNG","ACH-000830","NCI-H1436","male","female","XXr"
"NCIH1876_LUNG","ACH-000586","NCI-H1876","male","male","XXrY"
"CORL24_LUNG","ACH-000382","COR-L24","male","female","XXr"
"COV644_OVARY","ACH-000608","COV644","female",NA,NA
"GP2D_LARGE_INTESTINE","ACH-000982","GP2d","female",NA,NA
"PECAPJ15_UPPER_AERODIGESTIVE_TRACT","ACH-000619","PE/CA-PJ15","male",NA,NA
"CORL88_LUNG","ACH-000508","COR-L88","male","female","XXr"
"CORL95_LUNG","ACH-000743","COR-L95","male","male","XXrY"
"PECAPJ49_UPPER_AERODIGESTIVE_TRACT","ACH-000735","PE/CA-PJ49","male","female","XXr"
"PECAPJ34CLONEC12_UPPER_AERODIGESTIVE_TRACT","ACH-000606","PE/CA-PJ34 (clone C12)","male","female","XXr"
"PECAPJ41CLONED2_UPPER_AERODIGESTIVE_TRACT","ACH-000732","PE/CA-PJ41 (clone D2)","female",NA,NA
"OV7_OVARY","ACH-000688","OV7","female",NA,NA
"OAW42_OVARY","ACH-000704","OAW42","female",NA,NA
"OAW28_OVARY","ACH-000116","OAW28","female","female","XXr"
"SUIT2_PANCREAS","ACH-000652","SUIT-2","male",NA,NA
"KASUMI1_HAEMATOPOIETIC_AND_LYMPHOID_TISSUE","ACH-000263","KASUMI-1","male","female","XXr"
"SUPM2_HAEMATOPOIETIC_AND_LYMPHOID_TISSUE","ACH-000226","SUP-M2","female",NA,NA
"SKHEP1_LIVER","ACH-000361","SK-HEP-1","male","female","XXr"
"OVCAR8_OVARY","ACH-000696","OVCAR-8","female","female","XXr"
"NCIH2172_LUNG","ACH-000924","NCI-H2172","female","female","XXr"
"ISHIKAWAHERAKLIO02ER_ENDOMETRIUM","ACH-000961","Ishikawa (Heraklio) 02 ER-","female",NA,NA
"NCIH596_LUNG","ACH-000628","NCI-H596","male","female","XXr"
"NCIH650_LUNG","ACH-000945","NCI-H650","male","female","XXr"
"SW1573_LUNG","ACH-000677","SW 1573","female",NA,NA
"OVMANA_OVARY","ACH-000646","OVMANA","female",NA,NA
"SKCO1_LARGE_INTESTINE","ACH-000400","SK-CO-1","male","male","XXrY"
"KARPAS299_HAEMATOPOIETIC_AND_LYMPHOID_TISSUE","ACH-000053","KARPAS-299","male",NA,NA
"YAPC_PANCREAS","ACH-000332","YAPC","male","male","XXrY"
"HT1197_URINARY_TRACT","ACH-000547","HT-1197","male","male","XXY"
"A253_SALIVARY_GLAND","ACH-000740","A-253","male","female","XXr"
"HCC366_LUNG","ACH-000840","HCC-366","female","female","XXr"
"DKMG_CENTRAL_NERVOUS_SYSTEM","ACH-000244","DK-MG","female",NA,NA
"SNU349_KIDNEY","ACH-000907","SNU-349","male","male","XXrY"
"UMUC1_URINARY_TRACT","ACH-000834","UM-UC-1","male","female","XXr"
"NAMALWA_HAEMATOPOIETIC_AND_LYMPHOID_TISSUE","ACH-000944","NAMALWA","female","female","XXr"
"NCIH292_LUNG","ACH-001075","NCI-H292","female",NA,NA
"59M_OVARY","ACH-000520","59M","female",NA,NA
"HCC1833_LUNG","ACH-000712","HCC-1833","female",NA,NA
"RH30_SOFT_TISSUE","ACH-000833","RH-30","male","male","XXrY"
"TCCSUP_URINARY_TRACT","ACH-000720","TCCSUP","female","female","XXr"
"SNU601_STOMACH","ACH-000736","SNU-601","male","male","XXrY"
"CAL33_UPPER_AERODIGESTIVE_TRACT","ACH-000518","CAL-33","male","male","XXrY"
"SNU668_STOMACH","ACH-000344","SNU-668","male","female","XXr"
"CORL279_LUNG","ACH-000257","COR-L279","male","male","XXrY"
"GB1_CENTRAL_NERVOUS_SYSTEM","ACH-000738","GB-1","male","female","XXr"
"KURAMOCHI_OVARY","ACH-000524","KURAMOCHI","female",NA,NA
"COLO684_ENDOMETRIUM","ACH-000864","COLO 684","female",NA,NA
"SNU685_ENDOMETRIUM","ACH-000407","SNU-685","female",NA,NA
"SNU886_LIVER","ACH-000316","SNU-886","male","male","XXrY"
"NCCSTCK140_STOMACH","ACH-000110","NCC-StC-K140","female","female","XXr"
"SNU719_STOMACH","ACH-000898","SNU-719","male",NA,NA
"SNU489_CENTRAL_NERVOUS_SYSTEM","ACH-000543","SNU-489","male","male","XXrY"
"SNU81_LARGE_INTESTINE","ACH-000991","SNU-81","male",NA,NA
"A2058_SKIN","ACH-000788","A2058","male","male","XXrY"
"SNU1040_LARGE_INTESTINE","ACH-000999","SNU-1040","male","male","XXrY"
"SNU1076_UPPER_AERODIGESTIVE_TRACT","ACH-000549","SNU-1076","male","male","XXrY"
"SNU175_LARGE_INTESTINE","ACH-000989","SNU-175","female","female","XXr"
"SNU407_LARGE_INTESTINE","ACH-000955","SNU-407","male","male","XXrY"
"SNU201_CENTRAL_NERVOUS_SYSTEM","ACH-000623","SNU-201","male","male","XXrY"
"KMS20_HAEMATOPOIETIC_AND_LYMPHOID_TISSUE","ACH-000426","KMS-20","female","female","XXr"
"SNU216_STOMACH","ACH-000466","SNU-216","female","female","XXr"
"HCC1195_LUNG","ACH-000868","HCC-1195","male","male","XXrY"
"SNU466_CENTRAL_NERVOUS_SYSTEM","ACH-000289","SNU-466","male",NA,NA
"YD38_UPPER_AERODIGESTIVE_TRACT","ACH-000762","YD-38","male",NA,NA
"SNU1105_CENTRAL_NERVOUS_SYSTEM","ACH-000368","SNU-1105","male","male","XXrY"
"SNU283_LARGE_INTESTINE","ACH-000708","SNU-283","female",NA,NA
"SNU46_UPPER_AERODIGESTIVE_TRACT","ACH-000500","SNU-46","male","male","XXrY"
"YD8_UPPER_AERODIGESTIVE_TRACT","ACH-000630","YD-8","female",NA,NA
"SNU410_PANCREAS","ACH-000517","SNU-410","male","female","XXr"
"SNU899_UPPER_AERODIGESTIVE_TRACT","ACH-000692","SNU-899","male","female","XXr"
"SNU503_LARGE_INTESTINE","ACH-000683","SNU-503","male",NA,NA
"SET2_HAEMATOPOIETIC_AND_LYMPHOID_TISSUE","ACH-000195","Set-2","female",NA,NA
"SNU738_CENTRAL_NERVOUS_SYSTEM","ACH-000807","SNU-738","male","female","XXr"
"SNU626_CENTRAL_NERVOUS_SYSTEM","ACH-000370","SNU-626","male",NA,NA
"SNU878_LIVER","ACH-000686","SNU-878","female",NA,NA
"SNU840_OVARY","ACH-000280","SNU-840","female",NA,NA
"SNU8_OVARY","ACH-000460","SNU-8","female","female","XXr"
"IGR39_SKIN","ACH-000550","IGR-39","male",NA,NA
"DAOY_CENTRAL_NERVOUS_SYSTEM","ACH-000211","Daoy","male",NA,NA
"HEP3B217_LIVER","ACH-000625","Hep 3B2.1-7","male",NA,NA
"LC1F_LUNG","ACH-000705","LC-1F","male",NA,NA
"CMK_HAEMATOPOIETIC_AND_LYMPHOID_TISSUE","ACH-000641","CMK","male","male","XXrY"
"JMSU1_URINARY_TRACT","ACH-000753","JMSU-1","male",NA,NA
"IMR32_AUTONOMIC_GANGLIA","ACH-000310","IMR-32","male","male","XXrY"
"SUDHL8_HAEMATOPOIETIC_AND_LYMPHOID_TISSUE","ACH-000656","SU-DHL-8","male","female","XXr"
"T3M4_PANCREAS","ACH-000085","T3M-4","male",NA,NA
"HEC59_ENDOMETRIUM","ACH-000994","HEC-59","female",NA,NA
"T3M10_LUNG","ACH-000813","T3M-10","male",NA,NA
"NUGC2_STOMACH","ACH-000761","NUGC-2","female","female","XXr"
"PLCPRF5_LIVER","ACH-001318","PLC/PRF/5","male","female","XXr"
"KPNYN_AUTONOMIC_GANGLIA","ACH-000227","KP-N-YN","male",NA,NA
"CCFSTTG1_CENTRAL_NERVOUS_SYSTEM","ACH-000329","CCF-STTG1","female",NA,NA
"NCIH929_HAEMATOPOIETIC_AND_LYMPHOID_TISSUE","ACH-000050","NCI-H929","female","female","XXr"
"KMRC3_KIDNEY","ACH-000313","KMRC-3","male",NA,NA
"NCIH2023_LUNG","ACH-000781","NCI-H2023","male","female","XXr"
"DMS153_LUNG","ACH-000594","DMS 153","male","female","XXr"
"NCIH1048_LUNG","ACH-000866","NCI-H1048","female",NA,NA
"D341MED_CENTRAL_NERVOUS_SYSTEM","ACH-000095","D341 Med","male","male","XXrY"
"NCIH660_PROSTATE","ACH-000177","NCI-H660","male","female","XXr"
"NCIH1618_LUNG","ACH-000179","NCI-H1618","female","female","XXr"
"HS675T_FIBROBLAST","ACH-000214","Hs 675.T","male","male","XXrY"
"PEER_HAEMATOPOIETIC_AND_LYMPHOID_TISSUE","ACH-000519","PEER","female","female","XXr"
"SKM1_HAEMATOPOIETIC_AND_LYMPHOID_TISSUE","ACH-000373","SKM-1","male","male","XXrY"
"HT144_SKIN","ACH-000322","HT-144","male",NA,NA
"SKMEL31_SKIN","ACH-000640","SK-MEL-31","female",NA,NA
"HS839T_FIBROBLAST","ACH-000180","Hs 839.T","female",NA,NA
"HS939T_SKIN","ACH-000814","Hs 939.T","female",NA,NA
"HS819T_FIBROBLAST","ACH-000224","Hs 819.T","male",NA,NA
"NCIH69_LUNG","ACH-000358","NCI-H69","male","male","XXrY"
"DV90_LUNG","ACH-000925","DV-90","male",NA,NA
"ZR751_BREAST","ACH-000097","ZR-75-1","female",NA,NA
"KG1_HAEMATOPOIETIC_AND_LYMPHOID_TISSUE","ACH-000386","KG-1","male","male","XXrY"
"SKNBE2_AUTONOMIC_GANGLIA","ACH-000312","SK-N-BE(2)","male","male","XXrY"
"HCC70_BREAST","ACH-000668","HCC70","female",NA,NA
"NCIH2452_PLEURA","ACH-000092","NCI-H2452","male","male","XXrY"
"SNU1_STOMACH","ACH-000932","SNU-1","male","male","XXrY"
"LOUCY_HAEMATOPOIETIC_AND_LYMPHOID_TISSUE","ACH-000104","Loucy","female","female","XXr"
"NCIH1648_LUNG","ACH-000766","NCI-H1648","male","male","XXrY"
"TO175T_FIBROBLAST","ACH-000125","TO 175.T","male","male","XXrY"
"MPP89_PLEURA","ACH-000319","MPP 89","male","male","XXrY"
"PANC0813_PANCREAS","ACH-000417","Panc 08.13","male",NA,NA
"MG63_BONE","ACH-000359","MG-63","male",NA,NA
"HS840T_FIBROBLAST","ACH-000284","Hs 840.T","male",NA,NA
"NCIH23_LUNG","ACH-000900","NCI-H23","male","female","XXr"
"TE617T_SOFT_TISSUE","ACH-000051","TE 617.T","female",NA,NA
"SW1088_CENTRAL_NERVOUS_SYSTEM","ACH-000437","SW 1088","male",NA,NA
"ISTMES2_PLEURA","ACH-000331","IST-MES2","male",NA,NA
"NCIH1373_LUNG","ACH-000845","NCI-H1373","male",NA,NA
"NCIH1930_LUNG","ACH-000870","NCI-H1930","male",NA,NA
"NCIH1623_LUNG","ACH-000744","NCI-H1623","male",NA,NA
"HS229T_FIBROBLAST","ACH-000131","Hs 229.T","male","male","XXrY"
"NCIH1838_LUNG","ACH-000733","NCI-H1838","female",NA,NA
"NCIH1836_LUNG","ACH-000559","NCI-H1836","male",NA,NA
"HS688AT_FIBROBLAST","ACH-000306","Hs 688(A).T","male","male","XXrY"
"PANC0504_PANCREAS","ACH-000093","Panc 05.04","female",NA,NA
"HS822T_FIBROBLAST","ACH-000229","Hs 822.T","female",NA,NA
"BL70_HAEMATOPOIETIC_AND_LYMPHOID_TISSUE","ACH-000402","BL-70","male","male","XXrY"
"CI1_HAEMATOPOIETIC_AND_LYMPHOID_TISSUE","ACH-000687","CI-1","female",NA,NA
"G292CLONEA141B1_BONE","ACH-000082","G-292, clone A141B1","female","female","XXr"
"RCM1_LARGE_INTESTINE","ACH-000565","RCM-1","female",NA,NA
"HS737T_FIBROBLAST","ACH-000185","Hs 737.T","female",NA,NA
"HS616T_FIBROBLAST","ACH-000063","Hs 616.T","male","male","XXrY"
"TE159T_FIBROBLAST","ACH-000175","TE 159.T","male","male","XXrY"
"A101D_SKIN","ACH-000008","A101D","male",NA,NA
"NCIH1755_LUNG","ACH-000282","NCI-H1755","female",NA,NA
"RERFLCKJ_LUNG","ACH-000482","RERF-LC-KJ","male","male","XXrY"
"NCIH1693_LUNG","ACH-000021","NCI-H1693","female","female","XXr"
"SW780_URINARY_TRACT","ACH-000384","SW 780","female",NA,NA
"HS683_CENTRAL_NERVOUS_SYSTEM","ACH-000067","Hs 683","male","male","XXrY"
"HS729_SOFT_TISSUE","ACH-000133","Hs 729","male","male","XXrY"
"JHOS2_OVARY","ACH-000132","JHOS-2","female",NA,NA
"MCF7_BREAST","ACH-000019","MCF7","female",NA,NA
"U937_HAEMATOPOIETIC_AND_LYMPHOID_TISSUE","ACH-000406","U-937","male","female","XXr"
"SKLMS1_SOFT_TISSUE","ACH-000145","SK-LMS-1","female","female","XXr"
"HUTU80_SMALL_INTESTINE","ACH-000538","HuTu 80","male",NA,NA
"HCC202_BREAST","ACH-000725","HCC202","female",NA,NA
"MEG01_HAEMATOPOIETIC_AND_LYMPHOID_TISSUE","ACH-000072","MEG-01","male","male","XXrY"
"REH_HAEMATOPOIETIC_AND_LYMPHOID_TISSUE","ACH-000960","Reh","female","female","XXr"
"ONS76_CENTRAL_NERVOUS_SYSTEM","ACH-000776","ONS-76","female",NA,NA
"SNUC1_LARGE_INTESTINE","ACH-000722","SNU-C1","male",NA,NA
"SKNDZ_AUTONOMIC_GANGLIA","ACH-000366","SK-N-DZ","female",NA,NA
"DMS114_LUNG","ACH-000530","DMS 114","male",NA,NA
"ST486_HAEMATOPOIETIC_AND_LYMPHOID_TISSUE","ACH-000567","ST486","female",NA,NA
"OC314_OVARY","ACH-000962","OC 314","female",NA,NA
"SW1353_BONE","ACH-000418","SW 1353","female",NA,NA
"MDAMB157_BREAST","ACH-000621","MDA-MB-157","female",NA,NA
"LN18_CENTRAL_NERVOUS_SYSTEM","ACH-000819","LN-18","male",NA,NA
"769P_KIDNEY","ACH-000411","769-P","female",NA,NA
"786O_KIDNEY","ACH-000649","786-O","male","male","XXrY"
"CAOV3_OVARY","ACH-000713","Caov-3","female","female","XXr"
"HEPG2_LIVER","ACH-000739","Hep G2","male",NA,NA
"NCIH524_LUNG","ACH-000816","NCI-H524","male","female","XXr"
"NCIH209_LUNG","ACH-000290","NCI-H209","male","male","XXrY"
"MIAPACA2_PANCREAS","ACH-000601","MIA PaCa-2","male","female","XXr"
"MCAS_OVARY","ACH-000796","MCAS","female","female","XXr"
"COLO829_SKIN","ACH-000644","COLO 829","male","female","XXr"
"VCAP_PROSTATE","ACH-000115","VCaP","male","male","XXrY"
"IPC298_SKIN","ACH-000915","IPC-298","female",NA,NA
"CAPAN2_PANCREAS","ACH-000107","Capan-2","male","female","XXr"
"EFM192A_BREAST","ACH-000117","EFM-192A","female",NA,NA
"HS766T_PANCREAS","ACH-000178","Hs 766T","male","female","XXr"
"EFO27_OVARY","ACH-000936","EFO-27","female",NA,NA
"A2780_OVARY","ACH-000657","A2780","female",NA,NA
"NCIH196_LUNG","ACH-000752","NCI-H196","male","male","XXrY"
"IGROV1_OVARY","ACH-000966","IGROV1","female","female","XXr"
"NCIH889_LUNG","ACH-000297","NCI-H889","female",NA,NA
"NCIH211_LUNG","ACH-000639","NCI-H211","female",NA,NA
"MDAPCA2B_PROSTATE","ACH-000952","MDA PCa 2b","male",NA,NA
"SKMEL24_SKIN","ACH-000822","SK-MEL-24","male","male","XXrY"
"HT1376_URINARY_TRACT","ACH-000724","HT-1376","female",NA,NA
"NCIH2171_LUNG","ACH-000525","NCI-H2171","male",NA,NA
"PANC1005_PANCREAS","ACH-000060","Panc 10.05","male","female","XXr"
"HS695T_SKIN","ACH-000799","Hs 695T","male",NA,NA
"LOUNH91_LUNG","ACH-000176","LOU-NH91","female",NA,NA
"TOV21G_OVARY","ACH-000885","TOV-21G","female","female","XXr"
"SKMEL3_SKIN","ACH-000423","SK-MEL-3","female",NA,NA
"ASPC1_PANCREAS","ACH-000222","AsPC-1","female","female","XXr"
"OVSAHO_OVARY","ACH-000409","OVSAHO","female","female","XXr"
"RERFLCSQ1_LUNG","ACH-000442","RERF-LC-Sq1","female",NA,NA
"NCIH2030_LUNG","ACH-000521","NCI-H2030","male",NA,NA
"FUOV1_OVARY","ACH-000574","FU-OV-1","female","female","XXr"
"MALME3M_SKIN","ACH-000477","Malme-3M","male",NA,NA
"KMS12BM_HAEMATOPOIETIC_AND_LYMPHOID_TISSUE","ACH-000380","KMS-12-BM","female","female","XXr"
"T98G_CENTRAL_NERVOUS_SYSTEM","ACH-000571","T98G","male",NA,NA
"HL60_HAEMATOPOIETIC_AND_LYMPHOID_TISSUE","ACH-000002","HL-60","female",NA,NA
"DBTRG05MG_CENTRAL_NERVOUS_SYSTEM","ACH-000863","DBTRG-05MG","female",NA,NA
"HEYA8_OVARY","ACH-000542","Hey-A8","female",NA,NA
"NCIH2122_LUNG","ACH-000311","NCI-H2122","female",NA,NA
"MELJUSO_SKIN","ACH-000881","MEL-JUSO","female",NA,NA
"SW620_LARGE_INTESTINE","ACH-000651","SW620","male","female","XXr"
"HCT116_LARGE_INTESTINE","ACH-000971","HCT 116","male","male","XXrY"
"DU145_PROSTATE","ACH-000979","DU 145","male",NA,NA
"A549_LUNG","ACH-000681","A549","male","male","XXrY"
"A172_CENTRAL_NERVOUS_SYSTEM","ACH-000558","A172","male","male","XXrY"
"NCIH1975_LUNG","ACH-000587","NCI-H1975","female","female","XXr"
"COLO679_SKIN","ACH-000805","COLO-679","female",NA,NA
"KP2_PANCREAS","ACH-000281","KP-2","female",NA,NA
"HUH1_LIVER","ACH-000475","huH-1","male",NA,NA
"MDAMB453_BREAST","ACH-000910","MDA-MB-453","female",NA,NA
"PANC0403_PANCREAS","ACH-000235","Panc 04.03","male",NA,NA
"TYKNU_OVARY","ACH-000430","TYK-nu","female","female","XXr"
"OVISE_OVARY","ACH-000527","OVISE","female","female","XXr"
"EFM19_BREAST","ACH-000330","EFM-19","female","female","XXr"
"MELHO_SKIN","ACH-000450","MEL-HO","female",NA,NA
"RL_HAEMATOPOIETIC_AND_LYMPHOID_TISSUE","ACH-000371","RL","male",NA,NA
"G361_SKIN","ACH-000572","G-361","male","female","XXr"
"NCIH647_LUNG","ACH-000378","NCI-H647","male","female","XXr"
"GMS10_CENTRAL_NERVOUS_SYSTEM","ACH-000102","GMS-10","male","male","XXrY"
"SEM_HAEMATOPOIETIC_AND_LYMPHOID_TISSUE","ACH-000782","SEM","female",NA,NA
"HLFA_FIBROBLAST","ACH-000797","HLF-a","female",NA,NA
"42MGBA_CENTRAL_NERVOUS_SYSTEM","ACH-000323","42-MG-BA","male",NA,NA
"HCC44_LUNG","ACH-000667","HCC-44","female",NA,NA
"KYSE70_OESOPHAGUS","ACH-000784","KYSE-70","male","female","XXr"
"GAMG_CENTRAL_NERVOUS_SYSTEM","ACH-000098","GAMG","female",NA,NA
"NCIH522_LUNG","ACH-000343","NCI-H522","male","female","XXr"
"EN_ENDOMETRIUM","ACH-000978","EN","female","female","XXr"
"COLO741_SKIN","ACH-000582","COLO 741","female",NA,NA
"NCIH661_LUNG","ACH-000853","NCI-H661","male","male","XXrY"
"LNCAPCLONEFGC_PROSTATE","ACH-000977","LNCaP clone FGC","male",NA,NA
"LS411N_LARGE_INTESTINE","ACH-000985","LS411N","male","female","XXr"
"HCC78_LUNG","ACH-000562","HCC-78","male",NA,NA
"YKG1_CENTRAL_NERVOUS_SYSTEM","ACH-000570","YKG1","female",NA,NA
"ESS1_ENDOMETRIUM","ACH-000913","ESS-1","female","female","XXr"
"U251MG_CENTRAL_NERVOUS_SYSTEM","ACH-000232","U-251 MG","male","male","XXrY"
"KS1_CENTRAL_NERVOUS_SYSTEM","ACH-000631","KS-1","female",NA,NA
"HEC1A_ENDOMETRIUM","ACH-000954","HEC-1-A","female","female","XXr"
"TE1_OESOPHAGUS","ACH-000647","TE-1","male",NA,NA
"JHUEM2_ENDOMETRIUM","ACH-000909","JHUEM-2","female","female","XXr"
"RERFLCAD1_LUNG","ACH-000791","RERF-LC-Ad1","male","female","XXr"
"TE5_OESOPHAGUS","ACH-000408","TE-5","female","female","XXr"
"NCIH1155_LUNG","ACH-000980","NCI-H1155","male","female","XXr"
"TE15_OESOPHAGUS","ACH-000353","TE-15","female",NA,NA
"ABC1_LUNG","ACH-000528","ABC-1","male","female","XXr"
"8MGBA_CENTRAL_NERVOUS_SYSTEM","ACH-000137","8-MG-BA","female","female","XXr"
"NCIH1703_LUNG","ACH-000747","NCI-H1703","male","male","XXrY"
"AGS_STOMACH","ACH-000880","AGS","female",NA,NA
"QGP1_PANCREAS","ACH-000347","QGP-1","male","female","XXr"
"DETROIT562_UPPER_AERODIGESTIVE_TRACT","ACH-000207","Detroit 562","female",NA,NA
"BT474_BREAST","ACH-000927","BT-474","female","female","XXr"
"ACHN_KIDNEY","ACH-000046","ACHN","male",NA,NA
"LOVO_LARGE_INTESTINE","ACH-000950","LoVo","male","male","XXrY"
"NCIH1581_LUNG","ACH-000015","NCI-H1581","male","male","XXrY"
"SCABER_URINARY_TRACT","ACH-000839","SCaBER","male",NA,NA
"SKMEL30_SKIN","ACH-000810","SK-MEL-30","male",NA,NA
"OVKATE_OVARY","ACH-000443","OVKATE","female",NA,NA
"C32_SKIN","ACH-000580","C32","male",NA,NA
"PANC0327_PANCREAS","ACH-000139","Panc 03.27","female","female","XXr"
"RPMI8226_HAEMATOPOIETIC_AND_LYMPHOID_TISSUE","ACH-000817","RPMI 8226","male","male","XXrY"
"ES2_OVARY","ACH-000906","ES-2","female",NA,NA
"NCIH1395_LUNG","ACH-000327","NCI-H1395","female",NA,NA
"NCIH1781_LUNG","ACH-000379","NCI-H1781","female",NA,NA
"LS1034_LARGE_INTESTINE","ACH-000252","LS1034","male","male","XXrY"
"G402_SOFT_TISSUE","ACH-000375","G-402","female",NA,NA
"NCIH146_LUNG","ACH-000506","NCI-H146","male",NA,NA
"SW48_LARGE_INTESTINE","ACH-000958","SW48","female",NA,NA
"LS180_LARGE_INTESTINE","ACH-000957","LS 180","female","female","XXr"
"SW403_LARGE_INTESTINE","ACH-000820","SW403","female",NA,NA
"NCIH747_LARGE_INTESTINE","ACH-000403","NCI-H747","male",NA,NA
"RT4_URINARY_TRACT","ACH-000242","RT4","male","male","XXrY"
"KATOIII_STOMACH","ACH-000793","KATO III","male","female","XXr"
"BDCM_HAEMATOPOIETIC_AND_LYMPHOID_TISSUE","ACH-000080","BDCM","male","male","XXrY"
"SW1417_LARGE_INTESTINE","ACH-000236","SW1417","female",NA,NA
"SW948_LARGE_INTESTINE","ACH-000680","SW948","female",NA,NA
"HS606T_FIBROBLAST","ACH-000540","Hs 606.T","female",NA,NA
"MDAMB415_BREAST","ACH-000876","MDA-MB-415","female",NA,NA
"NCIH2106_LUNG","ACH-000904","NCI-H2106","male",NA,NA
"SW579_THYROID","ACH-000163","SW579","male",NA,NA
"MDAMB468_BREAST","ACH-000849","MDA-MB-468","female",NA,NA
"NCIH526_LUNG","ACH-000767","NCI-H526","male",NA,NA
"TOV112D_OVARY","ACH-000048","TOV-112D","female","female","XXr"
"BT549_BREAST","ACH-000288","BT-549","female","female","XXr"
"NCIH2196_LUNG","ACH-000399","NCI-H2196","male",NA,NA
"CAL851_BREAST","ACH-000857","CAL-85-1","female",NA,NA
"EFO21_OVARY","ACH-000308","EFO-21","female",NA,NA
"A375_SKIN","ACH-000219","A-375","female",NA,NA
"HT29_LARGE_INTESTINE","ACH-000552","HT-29","female",NA,NA
"NCIH446_LUNG","ACH-000800","NCI-H446","male",NA,NA
"HS294T_SKIN","ACH-000014","Hs 294T","male",NA,NA
"SKMEL5_SKIN","ACH-000730","SK-MEL-5","female",NA,NA
"HS944T_SKIN","ACH-000632","Hs 944.T","male","male","XXrY"
"TCCPAN2_PANCREAS","ACH-000502","TCC-PAN2","female",NA,NA
"RMGI_OVARY","ACH-000719","RMG-I","female","female","XXr"
"PC3_PROSTATE","ACH-000090","PC-3","male",NA,NA
"K562_HAEMATOPOIETIC_AND_LYMPHOID_TISSUE","ACH-000551","K-562","female",NA,NA
"RT112_URINARY_TRACT","ACH-000473","RT-112","female",NA,NA
"NUGC3_STOMACH","ACH-000911","NUGC-3","male","female","XXr"
"U87MG_CENTRAL_NERVOUS_SYSTEM","ACH-000075","U-87 MG","female",NA,NA
"CAKI2_KIDNEY","ACH-000234","Caki-2","male",NA,NA
"OE19_OESOPHAGUS","ACH-000679","OE19","male","female","XXr"
"KMRC2_KIDNEY","ACH-000709","KMRC-2","male","female","XXr"
"JHH2_LIVER","ACH-000577","JHH-2","male","male","XXrY"
"IM95_STOMACH","ACH-000919","IM95","male",NA,NA
"MV411_HAEMATOPOIETIC_AND_LYMPHOID_TISSUE","ACH-000045","MV-4-11","male","male","XXrY"
"WM2664_SKIN","ACH-001239","WM-266-4","female",NA,NA
"KMRC1_KIDNEY","ACH-000684","KMRC-1","male","female","XXr"
"T84_LARGE_INTESTINE","ACH-000381","T84","male","female","XXr"
"CALU1_LUNG","ACH-000511","Calu-1","male","female","XXr"
"LOXIMVI_SKIN","ACH-000750","LOX IMVI","male","female","XXr"
"NCIH2170_LUNG","ACH-000481","NCI-H2170","male","female","XXr"
"AN3CA_ENDOMETRIUM","ACH-000940","AN3 CA","female","female","XXr"
"NCIH2444_LUNG","ACH-000186","NCI-H2444","male","female","XXr"
"KYSE510_OESOPHAGUS","ACH-000824","KYSE-510","female","female","XXr"
"MOLM13_HAEMATOPOIETIC_AND_LYMPHOID_TISSUE","ACH-000362","MOLM-13","male","male","XXrY"
"HUPT4_PANCREAS","ACH-000213","HUP-T4","male","female","XXr"
"KYSE30_OESOPHAGUS","ACH-000777","KYSE-30","male","female","XXr"
"KYSE150_OESOPHAGUS","ACH-000855","KYSE-150","female","female","XXr"
"NCIH1299_LUNG","ACH-000510","NCI-H1299","male","female","XXr"
"PATU8988T_PANCREAS","ACH-000023","PA-TU-8988T","female",NA,NA
"IGR37_SKIN","ACH-000650","IGR-37","male",NA,NA
"LN443_CENTRAL_NERVOUS_SYSTEM","ACH-000673","LN-443","male","female","XXr"
"LN235_CENTRAL_NERVOUS_SYSTEM","ACH-000591","LN-235","male","male","XXrY"
"LN428_CENTRAL_NERVOUS_SYSTEM","ACH-000455","LN-428","male","male","XXrY"
"SF172_CENTRAL_NERVOUS_SYSTEM","ACH-000887","SF-172","female","female","XXr"
"LN464_CENTRAL_NERVOUS_SYSTEM","ACH-000676","LN-464","male","female","XXr"
"U178_CENTRAL_NERVOUS_SYSTEM","ACH-000208","U-178","male",NA,NA
"SF767_CERVIX","ACH-000490","SF767","female",NA,NA
"A1207_CENTRAL_NERVOUS_SYSTEM","ACH-000283","A1207","female","female","XXr"
"LN319_CENTRAL_NERVOUS_SYSTEM","ACH-000128","LN-319","male","male","XXrY"
"LN382_CENTRAL_NERVOUS_SYSTEM","ACH-000215","LN382","male","female","XXr"
"LNZ308_CENTRAL_NERVOUS_SYSTEM","ACH-000760","LNZ308","female",NA,NA
"LN340_CENTRAL_NERVOUS_SYSTEM","ACH-000634","LN-340","male","male","XXrY"
"UOK101_KIDNEY","ACH-000262","UOK101","female","female","XXr"
"JHESOAD1_OESOPHAGUS","ACH-000216","JH-EsoAd1","male","female","XXr"
"MOLP2_HAEMATOPOIETIC_AND_LYMPHOID_TISSUE","ACH-000453","MOLP-2","male","female","XXr"
"SCC25_UPPER_AERODIGESTIVE_TRACT","ACH-000188","SCC-25","male","female","XXr"
"MHHNB11_AUTONOMIC_GANGLIA","ACH-000078","MHH-NB-11","male","male","XXrY"
"HCC1806_BREAST","ACH-000624","HCC1806","female","female","XXr"
"GRANTA519_HAEMATOPOIETIC_AND_LYMPHOID_TISSUE","ACH-000073","GRANTA-519","female",NA,NA
"MONOMAC6_HAEMATOPOIETIC_AND_LYMPHOID_TISSUE","ACH-000006","MONO-MAC-6","male","female","XXr"
"MKN7_STOMACH","ACH-000678","MKN7","male","female","XXr"
"SW1710_URINARY_TRACT","ACH-000566","SW-1710","female","female","XXr"
"MOLT13_HAEMATOPOIETIC_AND_LYMPHOID_TISSUE","ACH-000795","MOLT-13","female",NA,NA
"SR786_HAEMATOPOIETIC_AND_LYMPHOID_TISSUE","ACH-000338","SR-786","male","female","XXr"
"SCC15_UPPER_AERODIGESTIVE_TRACT","ACH-000254","SCC-15","male","male","XXrY"
"RS5_FIBROBLAST","ACH-000531","RS-5","male","female","XXr"
"NCIH2126_LUNG","ACH-000785","NCI-H2126","male",NA,NA
"HCC827_LUNG","ACH-000012","HCC827","female",NA,NA
"RD_SOFT_TISSUE","ACH-000169","RD","female","female","XXr"
"TT_THYROID","ACH-001321","TT","female",NA,NA
"TF1_HAEMATOPOIETIC_AND_LYMPHOID_TISSUE","ACH-000387","TF-1","male","male","XXrY"
"HS172T_FIBROBLAST","ACH-000088","Hs 172.T","male",NA,NA
"TE125T_FIBROBLAST","ACH-000079","TE 125.T","female",NA,NA
"8305C_THYROID","ACH-001306","8305C","female",NA,NA
"UACC812_BREAST","ACH-000568","UACC-812","female",NA,NA
"ALLSIL_HAEMATOPOIETIC_AND_LYMPHOID_TISSUE","ACH-000105","ALL-SIL","male","male","XXrY"
"KASUMI2_HAEMATOPOIETIC_AND_LYMPHOID_TISSUE","ACH-000728","KASUMI-2","male",NA,NA
"DND41_HAEMATOPOIETIC_AND_LYMPHOID_TISSUE","ACH-000981","DND-41","male","male","XXrY"
"ME1_HAEMATOPOIETIC_AND_LYMPHOID_TISSUE","ACH-000439","ME-1","male","male","XXrY"
"DM3_FIBROBLAST","ACH-000742","DM-3","male",NA,NA
"JEKO1_HAEMATOPOIETIC_AND_LYMPHOID_TISSUE","ACH-000357","JeKo-1","female",NA,NA
"JJN3_HAEMATOPOIETIC_AND_LYMPHOID_TISSUE","ACH-000653","JJN-3","female","female","XXr"
"NUDHL1_HAEMATOPOIETIC_AND_LYMPHOID_TISSUE","ACH-000388","NU-DHL-1","male","male","XXrY"
"CL14_LARGE_INTESTINE","ACH-000342","CL-14","male","female","XXr"
"KYO1_HAEMATOPOIETIC_AND_LYMPHOID_TISSUE","ACH-000604","KYO-1","male",NA,NA
"JL1_PLEURA","ACH-000645","JL-1","male",NA,NA
"CAL148_BREAST","ACH-000902","CAL-148","female",NA,NA
"NALM19_HAEMATOPOIETIC_AND_LYMPHOID_TISSUE","ACH-000130","NALM-19","male","male","XXrY"
"HPBALL_HAEMATOPOIETIC_AND_LYMPHOID_TISSUE","ACH-000942","HPB-ALL","male","male","XXrY"
"SUPT11_HAEMATOPOIETIC_AND_LYMPHOID_TISSUE","ACH-000122","SUP-T11","male","female","XXr"
"CL40_LARGE_INTESTINE","ACH-000798","CL-40","female",NA,NA
"MDAMB134VI_BREAST","ACH-000044","MDA-MB-134-VI","female",NA,NA
"HCC1500_BREAST","ACH-000349","HCC1500","female","female","XXr"
"HCC1599_BREAST","ACH-000196","HCC1599","female",NA,NA
"OCIAML3_HAEMATOPOIETIC_AND_LYMPHOID_TISSUE","ACH-000336","OCI-AML3","male",NA,NA
"SUDHL10_HAEMATOPOIETIC_AND_LYMPHOID_TISSUE","ACH-000271","SU-DHL-10","male","male","XXrY"
"SUDHL4_HAEMATOPOIETIC_AND_LYMPHOID_TISSUE","ACH-000365","SU-DHL-4","male","male","XXrY"
"RH41_SOFT_TISSUE","ACH-000100","RH-41","female",NA,NA
"OCILY19_HAEMATOPOIETIC_AND_LYMPHOID_TISSUE","ACH-000124","OCI-LY-19","female",NA,NA
"MOLM6_HAEMATOPOIETIC_AND_LYMPHOID_TISSUE","ACH-000321","MOLM-6","male","male","XXrY"
"SKMM2_HAEMATOPOIETIC_AND_LYMPHOID_TISSUE","ACH-000363","SK-MM-2","male","female","XXr"
"KASUMI6_HAEMATOPOIETIC_AND_LYMPHOID_TISSUE","ACH-000166","Kasumi-6","male","male","XXrY"
"HS698T_FIBROBLAST","ACH-000850","Hs 698.T","male",NA,NA
"UACC893_BREAST","ACH-000554","UACC-893","female",NA,NA
"MINO_HAEMATOPOIETIC_AND_LYMPHOID_TISSUE","ACH-000220","Mino","male","male","XXrY"
"CHP126_AUTONOMIC_GANGLIA","ACH-000136","CHP-126","female","female","XXr"
"COLO680N_OESOPHAGUS","ACH-000717","COLO-680N","female","female","XXr"
"COLO678_LARGE_INTESTINE","ACH-000350","COLO-678","male","female","XXr"
"LAMA84_HAEMATOPOIETIC_AND_LYMPHOID_TISSUE","ACH-000301","LAMA-84","female",NA,NA
"CMLT1_HAEMATOPOIETIC_AND_LYMPHOID_TISSUE","ACH-000920","CML-T1","female",NA,NA
"EHEB_HAEMATOPOIETIC_AND_LYMPHOID_TISSUE","ACH-000038","EHEB","female","female","XXr"
"CAL54_KIDNEY","ACH-000457","CAL-54","male",NA,NA
"BV173_HAEMATOPOIETIC_AND_LYMPHOID_TISSUE","ACH-000432","BV-173","male","female","XXr"
"DOHH2_HAEMATOPOIETIC_AND_LYMPHOID_TISSUE","ACH-000056","DOHH-2","male","male","XXrY"
"EOL1_HAEMATOPOIETIC_AND_LYMPHOID_TISSUE","ACH-000198","EOL-1","male","male","XXrY"
"NALM6_HAEMATOPOIETIC_AND_LYMPHOID_TISSUE","ACH-000938","NALM-6","male","male","XXrY"
"VMCUB1_URINARY_TRACT","ACH-000545","VM-CUB1","male",NA,NA
"LP1_HAEMATOPOIETIC_AND_LYMPHOID_TISSUE","ACH-000204","LP-1","female","female","XXr"
"LXF289_LUNG","ACH-000787","LXF-289","male",NA,NA
"MONOMAC1_HAEMATOPOIETIC_AND_LYMPHOID_TISSUE","ACH-001129","MONO-MAC-1","male","male","XXrY"
"PL21_HAEMATOPOIETIC_AND_LYMPHOID_TISSUE","ACH-000218","PL-21","male","male","XXrY"
"PF382_HAEMATOPOIETIC_AND_LYMPHOID_TISSUE","ACH-000937","PF-382","female",NA,NA
"NALM1_HAEMATOPOIETIC_AND_LYMPHOID_TISSUE","ACH-000462","NALM-1","female","female","XXr"
"OCIAML2_HAEMATOPOIETIC_AND_LYMPHOID_TISSUE","ACH-000113","OCI-AML2","male","male","XXrY"
"MHHCALL3_HAEMATOPOIETIC_AND_LYMPHOID_TISSUE","ACH-000032","MHH-CALL-3","female",NA,NA
"JURLMK1_HAEMATOPOIETIC_AND_LYMPHOID_TISSUE","ACH-000326","JURL-MK1","male","male","XXrY"
"OCIAML5_HAEMATOPOIETIC_AND_LYMPHOID_TISSUE","ACH-000065","OCI-AML5","male","male","XXrY"
"KE37_HAEMATOPOIETIC_AND_LYMPHOID_TISSUE","ACH-000101","KE-37","male","male","XXrY"
"JK1_HAEMATOPOIETIC_AND_LYMPHOID_TISSUE","ACH-000241","JK-1","male","male","XXrY"
"RI1_HAEMATOPOIETIC_AND_LYMPHOID_TISSUE","ACH-000398","RI-1","female",NA,NA
"KARPAS422_HAEMATOPOIETIC_AND_LYMPHOID_TISSUE","ACH-000315","KARPAS-422","female",NA,NA
"L540_HAEMATOPOIETIC_AND_LYMPHOID_TISSUE","ACH-000806","L-540","female",NA,NA
"CAL78_BONE","ACH-000516","CAL-78","male",NA,NA
"HDQP1_BREAST","ACH-000643","HDQ-P1","female","female","XXr"
"MHHCALL4_HAEMATOPOIETIC_AND_LYMPHOID_TISSUE","ACH-000156","MHH-CALL-4","male","male","XXrY"
"MUTZ5_HAEMATOPOIETIC_AND_LYMPHOID_TISSUE","ACH-000492","MUTZ-5","male","female","XXr"
"ONCODG1_OVARY","ACH-000013","ONCO-DG-1","female","female","XXr"
"HDLM2_HAEMATOPOIETIC_AND_LYMPHOID_TISSUE","ACH-000267","HDLM-2","male","male","XXrY"
"CAL29_URINARY_TRACT","ACH-000142","CAL-29","female",NA,NA
"KOPN8_HAEMATOPOIETIC_AND_LYMPHOID_TISSUE","ACH-001106","KOPN-8","female",NA,NA
"SCLC21H_LUNG","ACH-000659","SCLC-21H","male",NA,NA
"CALU3_LUNG","ACH-000392","Calu-3","male","female","XXr"
"NCIH1435_LUNG","ACH-000852","NCI-H1435","female",NA,NA
"NCIH2009_LUNG","ACH-000886","NCI-H2009","female","female","XXr"
"NCIH1869_LUNG","ACH-000894","NCI-H1869","male","female","XXr"
"HCC1419_BREAST","ACH-000277","HCC1419","female",NA,NA
"BT483_BREAST","ACH-000818","BT-483","female",NA,NA
"HS281T_FIBROBLAST","ACH-000083","Hs 281.T","female",NA,NA
"HS934T_FIBROBLAST","ACH-000194","Hs 934.T","female",NA,NA
"HCC4006_LUNG","ACH-000066","HCC4006","male","female","XXr"
"HCC1428_BREAST","ACH-000352","HCC1428","female",NA,NA
"KU812_HAEMATOPOIETIC_AND_LYMPHOID_TISSUE","ACH-000074","KU812","male",NA,NA
"SHP77_LUNG","ACH-000790","SHP-77","male","female","XXr"
"TE441T_SOFT_TISSUE","ACH-000772","TE 441.T","female",NA,NA
"NB1_AUTONOMIC_GANGLIA","ACH-000804","NB-1","male","female","XXr"
"HS274T_FIBROBLAST","ACH-000134","Hs 274.T","female",NA,NA
"PFEIFFER_HAEMATOPOIETIC_AND_LYMPHOID_TISSUE","ACH-000140","Pfeiffer","male","male","XXrY"
"ZR7530_BREAST","ACH-000828","ZR-75-30","female",NA,NA
"HS863T_FIBROBLAST","ACH-000119","Hs 863.T","female",NA,NA
"NCIH841_LUNG","ACH-000292","NCI-H841","male","male","XXrY"
"HS821T_FIBROBLAST","ACH-000526","Hs 821.T","female",NA,NA
"NCIH1944_LUNG","ACH-000414","NCI-H1944","female",NA,NA
"NCIH2405_LUNG","ACH-000121","NCI-H2405","male","male","XXrY"
"DEL_HAEMATOPOIETIC_AND_LYMPHOID_TISSUE","ACH-000233","DEL","male","male","XXrY"
"BEN_LUNG","ACH-000603","BEN","male",NA,NA
"COLO320_LARGE_INTESTINE","ACH-000202","COLO-320","female","female","XXr"
"RPMI8402_HAEMATOPOIETIC_AND_LYMPHOID_TISSUE","ACH-000636","RPMI-8402","female",NA,NA
"SUDHL1_HAEMATOPOIETIC_AND_LYMPHOID_TISSUE","ACH-000664","SU-DHL-1","male","male","XXrY"
"P12ICHIKAWA_HAEMATOPOIETIC_AND_LYMPHOID_TISSUE","ACH-000372","P12-ICHIKAWA","male","female","XXr"
"BFTC905_URINARY_TRACT","ACH-000802","BFTC-905","female","female","XXr"
"BFTC909_KIDNEY","ACH-000792","BFTC-909","male","female","XXr"
"MHHES1_BONE","ACH-000391","MHH-ES-1","male","female","XXr"
"JVM3_HAEMATOPOIETIC_AND_LYMPHOID_TISSUE","ACH-000346","JVM-3","male","male","XXrY"
"NOMO1_HAEMATOPOIETIC_AND_LYMPHOID_TISSUE","ACH-000168","NOMO-1","female",NA,NA
"NCIH727_LUNG","ACH-000775","NCI-H727","female","female","XXr"
"HS343T_FIBROBLAST","ACH-000184","Hs 343.T","female",NA,NA
"HCC2935_LUNG","ACH-000150","HCC2935","male","male","XXrY"
"HS888T_FIBROBLAST","ACH-000154","Hs 888.T","male","male","XXrY"
"MKN45_STOMACH","ACH-000356","MKN-45","female",NA,NA
"8505C_THYROID","ACH-001307","8505C","female","female","XXr"
"KU1919_URINARY_TRACT","ACH-000486","KU-19-19","male",NA,NA
"KCL22_HAEMATOPOIETIC_AND_LYMPHOID_TISSUE","ACH-000983","KCL-22","female",NA,NA
"CADOES1_BONE","ACH-000210","CADO-ES1","female",NA,NA
"S117_THYROID","ACH-000037","S-117","female",NA,NA
"EM2_HAEMATOPOIETIC_AND_LYMPHOID_TISSUE","ACH-000295","EM-2","female",NA,NA
"OPM2_HAEMATOPOIETIC_AND_LYMPHOID_TISSUE","ACH-000024","OPM-2","female",NA,NA
"CAL62_THYROID","ACH-000174","CAL-62","female","female","XXr"
"LCLC103H_LUNG","ACH-000627","LCLC-103H","male","male","XXrY"
"JURKAT_HAEMATOPOIETIC_AND_LYMPHOID_TISSUE","ACH-000995","JURKAT","male","male","XXrY"
"697_HAEMATOPOIETIC_AND_LYMPHOID_TISSUE","ACH-000070","697","male","male","XXrY"
"MHHCALL2_HAEMATOPOIETIC_AND_LYMPHOID_TISSUE","ACH-000020","MHH-CALL-2","female",NA,NA
"M07E_HAEMATOPOIETIC_AND_LYMPHOID_TISSUE","ACH-000602","M-07e","female",NA,NA
"L428_HAEMATOPOIETIC_AND_LYMPHOID_TISSUE","ACH-000754","L-428","female",NA,NA
"MOLT16_HAEMATOPOIETIC_AND_LYMPHOID_TISSUE","ACH-000918","MOLT-16","female",NA,NA
"NB4_HAEMATOPOIETIC_AND_LYMPHOID_TISSUE","ACH-000294","NB-4","female","female","XXr"
"LCLC97TM1_LUNG","ACH-000596","LCLC-97TM1","male",NA,NA
"2313287_STOMACH","ACH-000948","23132/87","male",NA,NA
"BHT101_THYROID","ACH-000191","BHT-101","female","female","XXr"
"JVM2_HAEMATOPOIETIC_AND_LYMPHOID_TISSUE","ACH-000106","JVM-2","female",NA,NA
"CAL51_BREAST","ACH-000856","CAL-51","female","female","XXr"
"L363_HAEMATOPOIETIC_AND_LYMPHOID_TISSUE","ACH-000183","L-363","female","female","XXr"
"KMH2_HAEMATOPOIETIC_AND_LYMPHOID_TISSUE","ACH-000815","KM-H2","male","female","XXr"
"SIMA_AUTONOMIC_GANGLIA","ACH-000099","SIMA","male","male","XXrY"
"NUDUL1_HAEMATOPOIETIC_AND_LYMPHOID_TISSUE","ACH-000287","NU-DUL-1","male","female","XXr"
"BC3C_URINARY_TRACT","ACH-000593","BC-3C","female","female","XXr"
"SUDHL6_HAEMATOPOIETIC_AND_LYMPHOID_TISSUE","ACH-000611","SU-DHL-6","male","female","XXr"
"KARPAS620_HAEMATOPOIETIC_AND_LYMPHOID_TISSUE","ACH-000193","KARPAS-620","female","female","XXr"
"REC1_HAEMATOPOIETIC_AND_LYMPHOID_TISSUE","ACH-000068","REC-1","male","male","XXrY"
"MEC1_HAEMATOPOIETIC_AND_LYMPHOID_TISSUE","ACH-000405","MEC-1","male","male","XXrY"
"SIGM5_HAEMATOPOIETIC_AND_LYMPHOID_TISSUE","ACH-000112","SIG-M5","male","female","XXr"
"SUDHL5_HAEMATOPOIETIC_AND_LYMPHOID_TISSUE","ACH-000660","SU-DHL-5","female",NA,NA
"BCPAP_THYROID","ACH-000456","B-CPAP","female","female","XXr"
"639V_URINARY_TRACT","ACH-000973","639-V","male","female","XXr"
"TT2609C02_THYROID","ACH-000716","TT2609-C02","male","male","XXrY"
"CL34_LARGE_INTESTINE","ACH-000895","CL-34","female",NA,NA
"RCHACV_HAEMATOPOIETIC_AND_LYMPHOID_TISSUE","ACH-000922","RCH-ACV","female",NA,NA
"CAL120_BREAST","ACH-000212","CAL-120","female","female","XXr"
"647V_URINARY_TRACT","ACH-000896","647-V","male","male","XXrY"
"RH18_SOFT_TISSUE","ACH-000689","RH-18","female","female","XXr"
"MOLM16_HAEMATOPOIETIC_AND_LYMPHOID_TISSUE","ACH-000369","MOLM-16","female",NA,NA
"F36P_HAEMATOPOIETIC_AND_LYMPHOID_TISSUE","ACH-000487","F-36P","male","male","XXrY"
"EJM_HAEMATOPOIETIC_AND_LYMPHOID_TISSUE","ACH-000821","EJM","female",NA,NA
"WSUDLCL2_HAEMATOPOIETIC_AND_LYMPHOID_TISSUE","ACH-000534","WSU-DLCL2","male",NA,NA
"JIMT1_BREAST","ACH-000711","JIMT-1","female",NA,NA
"AMO1_HAEMATOPOIETIC_AND_LYMPHOID_TISSUE","ACH-000838","AMO-1","female","female","XXr"
"MOLP8_HAEMATOPOIETIC_AND_LYMPHOID_TISSUE","ACH-000745","MOLP-8","male","female","XXr"
"JHUEM7_ENDOMETRIUM","ACH-000993","JHUEM-7","female",NA,NA
"OE21_OESOPHAGUS","ACH-000544","OE21","male",NA,NA
"NCIH2073_LUNG","ACH-000590","NCI-H2073","female",NA,NA
"MOLT3_HAEMATOPOIETIC_AND_LYMPHOID_TISSUE","ACH-000964","MOLT-3","male","male","XXrY"
"UO31_KIDNEY","ACH-000428","UO-31","male",NA,NA
"MUTZ3_HAEMATOPOIETIC_AND_LYMPHOID_TISSUE","ACH-000084","MUTZ-3","male",NA,NA
